                  epoch,         train/box_loss,         train/cls_loss,         train/dfl_loss,   metrics/precision(B),      metrics/recall(B),       metrics/mAP50(B),    metrics/mAP50-95(B),           val/box_loss,           val/cls_loss,           val/dfl_loss,                 lr/pg0,                 lr/pg1,                 lr/pg2
                      0,                 2.8062,                 1.7562,                  1.435,                0.39092,                0.23961,                0.26788,                0.09571,                 2.5845,                 1.4646,                 1.3747,             0.00066484,             0.00066484,             0.00066484
                      1,                 2.6226,                 1.5157,                 1.3241,                0.45273,                0.26639,                0.29526,                 0.1022,                 2.5798,                 1.4623,                 1.3056,              0.0013249,              0.0013249,              0.0013249
                      2,                 2.5711,                 1.4788,                 1.3021,                0.49885,                 0.2729,                 0.3226,                0.11656,                 2.4942,                 1.4338,                 1.3112,              0.0019784,              0.0019784,              0.0019784
                      3,                 2.5541,                 1.4429,                  1.288,                0.45926,                0.27757,                0.31553,                0.11485,                 2.4669,                 1.4574,                 1.2874,              0.0019703,              0.0019703,              0.0019703
                      4,                 2.5083,                 1.4143,                 1.2765,                0.46969,                0.28024,                0.31962,                0.11133,                 2.5188,                 1.3904,                 1.2875,              0.0019703,              0.0019703,              0.0019703
                      5,                 2.4837,                 1.3824,                 1.2692,                0.51929,                0.29009,                0.34296,                0.12652,                 2.4363,                 1.3395,                 1.2916,              0.0019604,              0.0019604,              0.0019604
                      6,                 2.4806,                 1.3751,                 1.2552,                0.52372,                0.30301,                0.35867,                0.13251,                 2.3809,                 1.3223,                 1.2646,              0.0019505,              0.0019505,              0.0019505
                      7,                 2.4491,                 1.3414,                 1.2456,                0.54687,                0.31298,                0.37352,                0.14023,                 2.3689,                 1.2851,                 1.2534,              0.0019406,              0.0019406,              0.0019406
                      8,                 2.4535,                 1.3496,                 1.2526,                0.56023,                0.32162,                 0.3815,                0.14245,                 2.3667,                 1.2963,                  1.254,              0.0019307,              0.0019307,              0.0019307
                      9,                 2.4285,                 1.3309,                 1.2449,                0.56003,                0.31216,                0.37617,                0.14358,                 2.3565,                 1.2929,                 1.2437,              0.0019208,              0.0019208,              0.0019208
                     10,                 2.4282,                 1.3218,                 1.2472,                0.56528,                0.31233,                0.37789,                0.14168,                 2.3816,                 1.2894,                 1.2471,              0.0019109,              0.0019109,              0.0019109
                     11,                 2.3986,                 1.2923,                 1.2335,                0.56585,                0.31861,                  0.383,                  0.141,                 2.3871,                 1.2863,                 1.2402,               0.001901,               0.001901,               0.001901
                     12,                 2.4087,                 1.2953,                 1.2331,                0.58415,                0.31653,                0.38925,                0.14951,                 2.3326,                  1.253,                 1.2351,              0.0018911,              0.0018911,              0.0018911
                     13,                 2.3768,                 1.2813,                 1.2312,                0.59695,                0.32681,                0.40042,                0.15605,                 2.3182,                 1.2105,                 1.2423,              0.0018812,              0.0018812,              0.0018812
                     14,                 2.3818,                 1.2761,                 1.2206,                0.60491,                0.32964,                0.40555,                0.15953,                 2.2969,                 1.2104,                 1.2268,              0.0018713,              0.0018713,              0.0018713
                     15,                 2.3729,                  1.257,                 1.2164,                0.61433,                0.31967,                0.39837,                0.15381,                 2.3349,                 1.2174,                 1.2522,              0.0018614,              0.0018614,              0.0018614
                     16,                 2.3728,                 1.2598,                 1.2212,                0.60396,                0.32766,                0.40256,                0.15719,                 2.3135,                 1.2169,                 1.2352,              0.0018515,              0.0018515,              0.0018515
                     17,                 2.3441,                 1.2392,                 1.2047,                0.62259,                0.33568,                0.41742,                0.16518,                 2.2775,                 1.1828,                 1.2098,              0.0018416,              0.0018416,              0.0018416
                     18,                 2.3554,                 1.2416,                 1.2101,                0.61774,                 0.3351,                0.41333,                0.15951,                  2.323,                 1.1955,                 1.2221,              0.0018317,              0.0018317,              0.0018317
                     19,                 2.3367,                 1.2324,                 1.2122,                0.59621,                 0.3335,                0.40695,                 0.1528,                 2.3501,                  1.198,                 1.2339,              0.0018218,              0.0018218,              0.0018218
                     20,                 2.3467,                 1.2353,                 1.2033,                 0.6115,                0.34167,                0.42092,                0.16662,                 2.2666,                 1.1772,                 1.2119,              0.0018119,              0.0018119,              0.0018119
                     21,                 2.3236,                 1.2136,                 1.1997,                0.62038,                0.33615,                0.41685,                0.16378,                 2.2778,                 1.1804,                 1.2115,               0.001802,               0.001802,               0.001802
                     22,                  2.327,                 1.2174,                 1.1961,                0.62434,                0.34455,                0.42494,                0.16919,                 2.2646,                 1.1528,                 1.2135,              0.0017921,              0.0017921,              0.0017921
                     23,                 2.3158,                 1.2088,                 1.2038,                0.61114,                0.34136,                 0.4177,                0.16354,                 2.2833,                 1.1809,                 1.2183,              0.0017822,              0.0017822,              0.0017822
                     24,                 2.3196,                 1.2142,                 1.1979,                0.63201,                 0.3462,                0.42924,                0.17321,                 2.2356,                 1.1498,                 1.2042,              0.0017723,              0.0017723,              0.0017723
                     25,                 2.3131,                 1.2037,                  1.197,                0.62986,                0.34244,                0.42606,                0.16624,                 2.2906,                 1.1621,                 1.2106,              0.0017624,              0.0017624,              0.0017624
                     26,                 2.3091,                 1.1969,                 1.1925,                0.62483,                0.35368,                0.43194,                0.17139,                 2.2551,                 1.1547,                 1.2048,              0.0017525,              0.0017525,              0.0017525
                     27,                 2.2758,                 1.1734,                 1.1904,                0.64027,                0.35282,                0.43584,                0.17367,                 2.2458,                 1.1444,                 1.2011,              0.0017426,              0.0017426,              0.0017426
                     28,                 2.2833,                 1.1795,                 1.1907,                0.63282,                0.34473,                 0.4273,                0.16765,                 2.2635,                 1.1451,                 1.2015,              0.0017327,              0.0017327,              0.0017327
                     29,                 2.2893,                 1.1819,                 1.1948,                0.65006,                0.35325,                0.43924,                0.17742,                 2.2223,                  1.131,                 1.1969,              0.0017228,              0.0017228,              0.0017228
                     30,                 2.2889,                 1.1803,                 1.1952,                0.63701,                0.34978,                0.43611,                0.17804,                 2.2202,                 1.1245,                 1.1919,              0.0017129,              0.0017129,              0.0017129
                     31,                 2.2733,                  1.162,                 1.1843,                0.62167,                 0.3588,                0.43602,                0.17057,                 2.2702,                 1.1463,                 1.2069,               0.001703,               0.001703,               0.001703
                     32,                 2.2765,                 1.1601,                  1.176,                0.63636,                0.36008,                0.44277,                0.17939,                 2.2157,                 1.1131,                 1.1953,              0.0016931,              0.0016931,              0.0016931
                     33,                 2.2498,                  1.153,                 1.1836,                0.64766,                0.35034,                0.44118,                0.17778,                 2.2417,                  1.134,                 1.1981,              0.0016832,              0.0016832,              0.0016832
                     34,                 2.2727,                 1.1615,                 1.1833,                0.65301,                0.35722,                0.44532,                0.17922,                 2.2277,                 1.1042,                 1.1942,              0.0016733,              0.0016733,              0.0016733
                     35,                 2.2553,                 1.1514,                 1.1828,                0.64364,                0.35574,                0.44233,                0.17974,                 2.2205,                 1.1167,                   1.19,              0.0016634,              0.0016634,              0.0016634
                     36,                 2.2393,                 1.1363,                 1.1745,                0.64794,                0.36173,                0.44788,                0.18374,                 2.2023,                 1.0992,                 1.1829,              0.0016535,              0.0016535,              0.0016535
                     37,                 2.2436,                 1.1351,                 1.1724,                0.65691,                0.36219,                0.45236,                0.18524,                 2.2124,                 1.0932,                 1.1847,              0.0016436,              0.0016436,              0.0016436
                     38,                 2.2396,                 1.1293,                 1.1703,                0.65574,                0.36692,                0.45445,                 0.1879,                 2.1915,                 1.0847,                 1.1838,              0.0016337,              0.0016337,              0.0016337
                     39,                 2.2374,                 1.1265,                 1.1705,                0.67099,                 0.3675,                0.45887,                 0.1897,                 2.1767,                 1.0743,                 1.1802,              0.0016238,              0.0016238,              0.0016238
                     40,                 2.2256,                 1.1254,                 1.1727,                0.65639,                0.36141,                 0.4507,                0.18441,                 2.2055,                 1.0919,                 1.1836,              0.0016139,              0.0016139,              0.0016139
                     41,                 2.2213,                 1.1235,                 1.1693,                0.66632,                0.35979,                0.45335,                0.18905,                 2.1825,                 1.0758,                 1.1831,               0.001604,               0.001604,               0.001604
                     42,                 2.2115,                 1.1148,                 1.1702,                0.66206,                0.36617,                0.45595,                 0.1879,                 2.1817,                 1.0806,                 1.1811,              0.0015941,              0.0015941,              0.0015941
                     43,                  2.217,                  1.114,                  1.168,                 0.6727,                0.36902,                0.45837,                0.19179,                 2.1738,                 1.0606,                 1.1762,              0.0015842,              0.0015842,              0.0015842
                     44,                 2.2168,                 1.1101,                 1.1635,                0.66475,                0.36962,                0.45974,                0.19063,                 2.1762,                 1.0593,                 1.1755,              0.0015743,              0.0015743,              0.0015743
                     45,                 2.1874,                 1.1017,                 1.1699,                0.65886,                0.37648,                0.46362,                0.19164,                  2.176,                 1.0635,                   1.18,              0.0015644,              0.0015644,              0.0015644
                     46,                 2.2145,                 1.1085,                 1.1632,                0.66709,                 0.3741,                0.46333,                 0.1946,                 2.1614,                 1.0564,                 1.1798,              0.0015545,              0.0015545,              0.0015545
                     47,                 2.1848,                 1.0882,                 1.1564,                0.67021,                0.37529,                0.46747,                0.19723,                 2.1457,                 1.0443,                 1.1682,              0.0015446,              0.0015446,              0.0015446
                     48,                 2.1898,                 1.0915,                 1.1621,                0.67974,                0.37157,                0.46656,                0.19579,                 2.1547,                 1.0441,                 1.1742,              0.0015347,              0.0015347,              0.0015347
                     49,                 2.1905,                 1.0853,                 1.1523,                0.67531,                0.37876,                0.47104,                0.19678,                 2.1559,                 1.0454,                 1.1669,              0.0015248,              0.0015248,              0.0015248
                     50,                 2.2007,                 1.0929,                 1.1591,                0.67479,                0.37584,                 0.4694,                0.19767,                 2.1517,                  1.038,                 1.1691,              0.0015149,              0.0015149,              0.0015149
                     51,                 2.1703,                 1.0743,                 1.1519,                0.67692,                0.37782,                0.46986,                0.19811,                 2.1459,                 1.0323,                 1.1697,               0.001505,               0.001505,               0.001505
                     52,                 2.1812,                 1.0822,                 1.1579,                0.67989,                0.38134,                0.47317,                0.20074,                 2.1335,                 1.0285,                 1.1653,              0.0014951,              0.0014951,              0.0014951
                     53,                 2.1776,                 1.0797,                 1.1511,                0.67681,                 0.3806,                0.47364,                0.20122,                 2.1319,                 1.0265,                  1.165,              0.0014852,              0.0014852,              0.0014852
                     54,                 2.1773,                 1.0794,                  1.153,                0.67558,                0.38003,                0.47273,                0.19819,                 2.1531,                 1.0301,                 1.1684,              0.0014753,              0.0014753,              0.0014753
                     55,                 2.1565,                 1.0656,                 1.1513,                0.68671,                0.38017,                0.47549,                 0.2042,                 2.1162,                 1.0158,                 1.1603,              0.0014654,              0.0014654,              0.0014654
                     56,                 2.1634,                 1.0724,                 1.1476,                0.68416,                0.38385,                0.47983,                0.20675,                 2.1116,                 1.0159,                 1.1586,              0.0014555,              0.0014555,              0.0014555
                     57,                 2.1491,                  1.063,                 1.1441,                0.68352,                0.38436,                0.47898,                0.20632,                 2.1129,                 1.0125,                  1.157,              0.0014456,              0.0014456,              0.0014456
                     58,                 2.1488,                 1.0574,                 1.1412,                0.68585,                0.38573,                0.47964,                0.20644,                 2.1138,                  1.015,                 1.1522,              0.0014357,              0.0014357,              0.0014357
                     59,                 2.1299,                 1.0455,                 1.1437,                0.68313,                0.38642,                0.48112,                0.20374,                 2.1378,                 1.0165,                 1.1617,              0.0014258,              0.0014258,              0.0014258
                     60,                 2.1508,                 1.0575,                 1.1441,                0.68812,                0.38747,                0.48176,                0.20754,                 2.1083,                 1.0042,                 1.1552,              0.0014159,              0.0014159,              0.0014159
                     61,                 2.1477,                 1.0541,                 1.1377,                0.68554,                0.39146,                0.48524,                0.20922,                 2.1024,                      1,                 1.1536,               0.001406,               0.001406,               0.001406
                     62,                 2.1338,                 1.0449,                 1.1359,                 0.6931,                0.38808,                0.48375,                0.20907,                 2.0976,                0.99691,                 1.1527,              0.0013961,              0.0013961,              0.0013961
                     63,                 2.1383,                 1.0482,                 1.1368,                  0.689,                0.39025,                 0.4846,                0.20915,                  2.097,                0.99875,                 1.1515,              0.0013862,              0.0013862,              0.0013862
                     64,                 2.1186,                 1.0386,                 1.1354,                0.68965,                0.39099,                0.48894,                0.21152,                 2.0979,                0.98699,                 1.1493,              0.0013763,              0.0013763,              0.0013763
                     65,                 2.1275,                 1.0439,                 1.1353,                0.68834,                0.39117,                0.48664,                 0.2111,                 2.0935,                0.99088,                  1.149,              0.0013664,              0.0013664,              0.0013664
                     66,                  2.115,                 1.0385,                  1.134,                0.69777,                0.39236,                0.48942,                0.21344,                 2.0787,                0.98465,                 1.1482,              0.0013565,              0.0013565,              0.0013565
                     67,                 2.1141,                 1.0338,                 1.1303,                0.69591,                 0.3898,                0.48869,                0.21385,                 2.0837,                0.98129,                 1.1484,              0.0013466,              0.0013466,              0.0013466
                     68,                 2.1112,                 1.0301,                 1.1301,                 0.6919,                 0.3933,                0.48945,                0.21466,                 2.0734,                0.98224,                 1.1437,              0.0013367,              0.0013367,              0.0013367
                     69,                 2.1097,                 1.0313,                  1.128,                0.70027,                0.39201,                0.49143,                0.21428,                 2.0805,                0.97643,                  1.146,              0.0013268,              0.0013268,              0.0013268
                     70,                 2.1019,                 1.0286,                  1.131,                0.69224,                0.39465,                0.48976,                0.21235,                 2.0992,                0.98919,                 1.1479,              0.0013169,              0.0013169,              0.0013169
                     71,                 2.0838,                 1.0167,                 1.1268,                0.69789,                0.39236,                0.48988,                0.21507,                 2.0793,                0.97857,                 1.1426,               0.001307,               0.001307,               0.001307
                     72,                 2.0936,                 1.0178,                 1.1237,                0.70253,                0.39524,                0.49439,                  0.219,                 2.0552,                0.96703,                 1.1378,              0.0012971,              0.0012971,              0.0012971
                     73,                 2.0976,                 1.0193,                 1.1222,                0.70323,                0.39413,                0.49474,                0.21976,                  2.054,                0.96535,                 1.1388,              0.0012872,              0.0012872,              0.0012872
                     74,                  2.087,                 1.0183,                 1.1206,                0.70464,                0.39323,                0.49382,                0.21902,                 2.0523,                0.96319,                 1.1377,              0.0012773,              0.0012773,              0.0012773
                     75,                 2.0787,                 1.0099,                 1.1211,                0.70184,                 0.3968,                0.49596,                0.21935,                 2.0524,                0.96392,                 1.1371,              0.0012674,              0.0012674,              0.0012674
                     76,                 2.0752,                   1.01,                 1.1242,                0.70663,                0.39474,                0.49567,                0.22131,                 2.0435,                0.95892,                  1.134,              0.0012575,              0.0012575,              0.0012575
                     77,                 2.0764,                 1.0044,                 1.1192,                0.70589,                0.39449,                0.49506,                0.22026,                  2.054,                0.96207,                 1.1348,              0.0012476,              0.0012476,              0.0012476
                     78,                 2.0747,                 1.0088,                 1.1175,                0.70505,                0.39661,                0.49743,                0.22144,                 2.0469,                 0.9601,                 1.1317,              0.0012377,              0.0012377,              0.0012377
                     79,                  2.057,                0.99571,                 1.1135,                0.70794,                0.40008,                0.49937,                0.22359,                 2.0386,                0.95324,                 1.1313,              0.0012278,              0.0012278,              0.0012278
                     80,                 2.0656,                 1.0006,                 1.1164,                0.70994,                0.39799,                0.49961,                0.22457,                 2.0334,                0.95005,                 1.1307,              0.0012179,              0.0012179,              0.0012179
                     81,                 2.0538,                0.99239,                 1.1127,                0.70672,                0.40136,                0.50076,                0.22477,                 2.0332,                0.94526,                 1.1302,               0.001208,               0.001208,               0.001208
                     82,                 2.0546,                0.99187,                 1.1157,                0.70899,                0.39948,                0.49942,                0.22426,                 2.0378,                0.94853,                 1.1326,              0.0011981,              0.0011981,              0.0011981
                     83,                 2.0505,                0.99192,                 1.1115,                0.70278,                0.40251,                0.50125,                0.22543,                 2.0283,                0.94616,                 1.1276,              0.0011882,              0.0011882,              0.0011882
                     84,                 2.0446,                0.98729,                 1.1112,                0.70933,                 0.3994,                0.50048,                 0.2249,                 2.0301,                 0.9448,                 1.1267,              0.0011783,              0.0011783,              0.0011783
                     85,                 2.0541,                0.99006,                  1.108,                0.70958,                0.40096,                0.50147,                0.22509,                 2.0288,                0.94724,                 1.1264,              0.0011684,              0.0011684,              0.0011684
                     86,                 2.0438,                0.98855,                 1.1073,                0.71053,                0.39858,                0.50023,                0.22518,                 2.0287,                0.94533,                 1.1242,              0.0011585,              0.0011585,              0.0011585
                     87,                 2.0351,                0.97724,                 1.1004,                0.70871,                0.40384,                0.50457,                0.22928,                 2.0118,                0.93297,                 1.1218,              0.0011486,              0.0011486,              0.0011486
                     88,                 2.0231,                0.97715,                 1.1046,                0.71211,                0.40085,                0.50333,                0.22848,                 2.0103,                  0.937,                  1.121,              0.0011387,              0.0011387,              0.0011387
                     89,                 2.0228,                0.97262,                 1.1018,                0.71659,                0.40258,                0.50541,                0.22905,                 2.0185,                0.93123,                 1.1212,              0.0011288,              0.0011288,              0.0011288
                     90,                 2.0191,                0.97007,                 1.1052,                0.71618,                 0.4032,                0.50613,                0.23084,                 2.0011,                0.92933,                 1.1196,              0.0011189,              0.0011189,              0.0011189
                     91,                  2.034,                0.97585,                 1.1002,                0.71509,                0.40467,                0.50649,                0.23251,                  1.994,                0.92739,                 1.1177,               0.001109,               0.001109,               0.001109
                     92,                 2.0179,                0.97289,                 1.1022,                0.71871,                0.40522,                0.50699,                0.23117,                 2.0058,                0.92451,                  1.118,              0.0010991,              0.0010991,              0.0010991
                     93,                 2.0069,                 0.9619,                 1.1028,                0.71913,                0.40521,                0.50764,                0.23387,                 1.9868,                0.92026,                 1.1142,              0.0010892,              0.0010892,              0.0010892
                     94,                 2.0108,                0.96587,                 1.0994,                0.71496,                0.40703,                0.50858,                0.23092,                  2.008,                0.92378,                 1.1188,              0.0010793,              0.0010793,              0.0010793
                     95,                 2.0141,                0.96547,                 1.0973,                0.71778,                0.40691,                0.50843,                0.23333,                 1.9892,                0.91794,                 1.1141,              0.0010694,              0.0010694,              0.0010694
                     96,                 2.0099,                0.96219,                 1.0927,                0.72184,                0.40509,                0.51013,                 0.2352,                 1.9838,                0.91558,                 1.1122,              0.0010595,              0.0010595,              0.0010595
                     97,                 1.9993,                0.96231,                 1.0958,                0.72437,                0.40367,                0.50853,                 0.2345,                 1.9837,                0.91758,                 1.1121,              0.0010496,              0.0010496,              0.0010496
                     98,                 2.0119,                0.96766,                 1.0918,                 0.7195,                0.40783,                 0.5108,                0.23526,                  1.985,                0.91455,                 1.1118,              0.0010397,              0.0010397,              0.0010397
                     99,                 1.9921,                0.95342,                 1.0907,                0.72259,                0.40992,                0.51278,                0.23608,                 1.9875,                0.91346,                 1.1103,              0.0010298,              0.0010298,              0.0010298
                    100,                 2.0021,                0.96084,                 1.0965,                0.72425,                0.40804,                0.51217,                0.23683,                  1.978,                0.91128,                  1.109,              0.0010199,              0.0010199,              0.0010199
                    101,                 1.9917,                0.95532,                 1.0923,                0.72064,                0.40826,                0.51248,                0.23835,                 1.9663,                0.90809,                 1.1065,                0.00101,                0.00101,                0.00101
                    102,                 1.9963,                0.95556,                 1.0907,                0.72499,                0.40969,                0.51343,                0.23917,                 1.9644,                 0.9051,                 1.1059,              0.0010001,              0.0010001,              0.0010001
                    103,                 1.9906,                0.95346,                 1.0891,                0.72212,                0.40896,                0.51355,                 0.2388,                 1.9638,                0.90213,                 1.1058,              0.0009902,              0.0009902,              0.0009902
                    104,                 1.9783,                0.94886,                 1.0855,                0.72167,                0.41166,                0.51542,                0.23998,                 1.9663,                0.90356,                 1.1045,              0.0009803,              0.0009803,              0.0009803
                    105,                 1.9802,                0.94431,                 1.0855,                0.72359,                0.41197,                0.51424,                0.23942,                 1.9634,                 0.9022,                 1.1059,              0.0009704,              0.0009704,              0.0009704
                    106,                 1.9722,                0.94229,                 1.0875,                0.72338,                0.40998,                0.51486,                0.23956,                 1.9616,                0.90099,                 1.1036,              0.0009605,              0.0009605,              0.0009605
                    107,                 1.9665,                0.94056,                 1.0838,                0.72621,                0.41076,                0.51664,                0.24164,                 1.9551,                0.89871,                 1.1021,              0.0009506,              0.0009506,              0.0009506
                    108,                 1.9814,                0.94538,                  1.088,                0.72786,                0.41004,                0.51581,                0.24201,                 1.9486,                0.89549,                 1.1015,              0.0009407,              0.0009407,              0.0009407
                    109,                 1.9796,                0.94704,                 1.0848,                0.72783,                0.41075,                0.51682,                0.24175,                 1.9533,                0.89749,                  1.101,              0.0009308,              0.0009308,              0.0009308
                    110,                  1.961,                0.93965,                 1.0854,                 0.7298,                0.41186,                0.51749,                0.24293,                 1.9491,                0.89444,                 1.1003,              0.0009209,              0.0009209,              0.0009209
                    111,                 1.9566,                0.93053,                 1.0759,                0.72697,                0.41416,                0.51915,                0.24407,                 1.9475,                0.89037,                 1.1002,               0.000911,               0.000911,               0.000911
                    112,                 1.9604,                0.93309,                 1.0794,                0.72916,                0.41307,                0.51798,                0.24308,                 1.9474,                0.89233,                 1.0991,              0.0009011,              0.0009011,              0.0009011
                    113,                 1.9546,                0.93145,                 1.0794,                0.72819,                0.41401,                0.51842,                 0.2449,                 1.9365,                 0.8897,                 1.0967,              0.0008912,              0.0008912,              0.0008912
                    114,                 1.9629,                0.93298,                 1.0757,                0.73055,                0.41474,                0.52009,                0.24515,                 1.9401,                 0.8877,                 1.0976,              0.0008813,              0.0008813,              0.0008813
                    115,                 1.9521,                 0.9278,                 1.0761,                0.72673,                 0.4146,                0.51869,                0.24519,                 1.9363,                0.88625,                 1.0965,              0.0008714,              0.0008714,              0.0008714
                    116,                 1.9462,                0.93257,                 1.0805,                0.73156,                0.41387,                0.52061,                0.24738,                 1.9254,                0.88231,                 1.0942,              0.0008615,              0.0008615,              0.0008615
                    117,                 1.9417,                0.92205,                 1.0758,                0.73088,                0.41605,                0.52085,                 0.2468,                 1.9306,                0.88159,                 1.0937,              0.0008516,              0.0008516,              0.0008516
                    118,                 1.9434,                0.92786,                 1.0738,                0.72882,                0.41639,                0.52066,                0.24714,                 1.9261,                0.88242,                 1.0917,              0.0008417,              0.0008417,              0.0008417
                    119,                 1.9349,                0.91942,                 1.0705,                0.73134,                0.41543,                0.52134,                0.24821,                  1.922,                0.87945,                 1.0909,              0.0008318,              0.0008318,              0.0008318
                    120,                 1.9345,                0.91926,                 1.0703,                0.73473,                0.41633,                0.52234,                0.24932,                 1.9173,                0.87603,                   1.09,              0.0008219,              0.0008219,              0.0008219
                    121,                  1.931,                0.91822,                 1.0708,                0.73324,                0.41538,                0.52163,                0.24924,                 1.9191,                0.87818,                 1.0897,               0.000812,               0.000812,               0.000812
                    122,                 1.9324,                 0.9174,                 1.0679,                0.73474,                 0.4164,                0.52233,                0.25043,                 1.9146,                 0.8761,                 1.0878,              0.0008021,              0.0008021,              0.0008021
                    123,                 1.9363,                0.92012,                 1.0718,                0.73423,                0.41734,                0.52418,                0.25066,                 1.9139,                0.87465,                 1.0879,              0.0007922,              0.0007922,              0.0007922
                    124,                 1.9341,                0.92324,                 1.0721,                0.73599,                0.41667,                0.52424,                0.25152,                 1.9078,                 0.8731,                 1.0864,              0.0007823,              0.0007823,              0.0007823
                    125,                 1.9081,                0.90971,                 1.0678,                0.73401,                0.41693,                 0.5238,                0.25083,                 1.9119,                0.87225,                 1.0872,              0.0007724,              0.0007724,              0.0007724
                    126,                 1.9079,                0.90481,                 1.0638,                0.73424,                0.41757,                0.52428,                 0.2522,                 1.9052,                0.87014,                 1.0856,              0.0007625,              0.0007625,              0.0007625
                    127,                 1.9275,                0.91446,                 1.0646,                0.73458,                0.41977,                0.52573,                0.25232,                 1.9072,                0.87022,                 1.0849,              0.0007526,              0.0007526,              0.0007526
                    128,                 1.9102,                0.90741,                 1.0631,                0.73862,                0.41804,                0.52586,                0.25321,                 1.9031,                0.86764,                 1.0848,              0.0007427,              0.0007427,              0.0007427
                    129,                 1.9155,                 0.9103,                 1.0666,                0.73694,                0.41949,                0.52633,                0.25343,                 1.8998,                0.86453,                 1.0845,              0.0007328,              0.0007328,              0.0007328
                    130,                 1.9075,                0.90667,                 1.0636,                0.73684,                0.41903,                0.52622,                 0.2539,                 1.8974,                0.86477,                 1.0825,              0.0007229,              0.0007229,              0.0007229
                    131,                 1.8937,                0.89986,                 1.0649,                0.73515,                0.41922,                0.52646,                0.25397,                 1.8979,                0.86449,                 1.0825,               0.000713,               0.000713,               0.000713
                    132,                 1.9133,                0.90829,                  1.064,                0.73648,                 0.4183,                0.52575,                 0.2537,                 1.9008,                0.86442,                 1.0823,              0.0007031,              0.0007031,              0.0007031
                    133,                 1.9064,                0.90638,                 1.0612,                0.73644,                0.42014,                0.52718,                0.25464,                 1.8972,                0.86227,                 1.0818,              0.0006932,              0.0006932,              0.0006932
                    134,                 1.8979,                0.89962,                 1.0595,                0.73624,                0.42007,                0.52718,                0.25491,                 1.8933,                0.86153,                 1.0801,              0.0006833,              0.0006833,              0.0006833
                    135,                 1.8939,                  0.894,                 1.0571,                 0.7383,                   0.42,                0.52748,                0.25592,                  1.887,                0.85994,                 1.0792,              0.0006734,              0.0006734,              0.0006734
                    136,                 1.9084,                 0.9073,                 1.0611,                0.73952,                0.42009,                0.52817,                0.25549,                  1.892,                0.86104,                 1.0796,              0.0006635,              0.0006635,              0.0006635
                    137,                  1.896,                0.90166,                 1.0616,                0.73951,                0.41995,                0.52803,                0.25574,                  1.888,                0.85916,                 1.0794,              0.0006536,              0.0006536,              0.0006536
                    138,                 1.9044,                0.90445,                 1.0592,                0.73971,                0.42123,                0.52897,                0.25701,                 1.8824,                0.85608,                 1.0779,              0.0006437,              0.0006437,              0.0006437
                    139,                 1.8792,                0.88861,                 1.0563,                0.73759,                0.42279,                0.53007,                0.25813,                 1.8791,                0.85509,                 1.0764,              0.0006338,              0.0006338,              0.0006338
                    140,                  1.894,                0.89522,                 1.0585,                0.74175,                 0.4217,                0.52993,                 0.2583,                 1.8785,                0.85449,                 1.0762,              0.0006239,              0.0006239,              0.0006239
                    141,                 1.8911,                0.89746,                  1.056,                0.73926,                0.42334,                 0.5306,                0.25862,                  1.878,                0.85306,                 1.0758,               0.000614,               0.000614,               0.000614
                    142,                 1.8785,                0.89118,                 1.0525,                 0.7417,                0.42184,                0.53056,                0.25835,                 1.8788,                0.85391,                  1.076,              0.0006041,              0.0006041,              0.0006041
                    143,                 1.8803,                0.89356,                 1.0545,                0.74266,                0.42215,                0.53136,                0.25864,                 1.8788,                0.85178,                 1.0753,              0.0005942,              0.0005942,              0.0005942
                    144,                 1.8633,                0.88348,                 1.0543,                0.74112,                0.42322,                 0.5311,                0.25854,                 1.8771,                 0.8517,                  1.075,              0.0005843,              0.0005843,              0.0005843
                    145,                 1.8714,                0.88593,                 1.0538,                0.74207,                 0.4227,                0.53131,                0.25967,                 1.8701,                0.84994,                 1.0732,              0.0005744,              0.0005744,              0.0005744
                    146,                  1.874,                0.88676,                 1.0569,                0.74469,                0.42248,                0.53186,                0.25972,                 1.8712,                0.84961,                 1.0729,              0.0005645,              0.0005645,              0.0005645
                    147,                 1.8639,                0.88512,                 1.0528,                0.74213,                0.42236,                0.53153,                0.25967,                 1.8705,                0.84965,                 1.0726,              0.0005546,              0.0005546,              0.0005546
                    148,                 1.8615,                0.87913,                 1.0488,                0.74143,                0.42292,                0.53176,                0.26013,                 1.8692,                0.84799,                 1.0723,              0.0005447,              0.0005447,              0.0005447
                    149,                 1.8724,                0.88928,                 1.0535,                0.74303,                 0.4229,                0.53194,                0.26024,                 1.8701,                0.84812,                 1.0725,              0.0005348,              0.0005348,              0.0005348
                    150,                 1.8562,                 0.8795,                 1.0504,                0.74283,                0.42433,                0.53276,                0.26116,                 1.8653,                0.84583,                 1.0715,              0.0005249,              0.0005249,              0.0005249
                    151,                 1.8572,                 0.8792,                 1.0477,                 0.7452,                0.42367,                0.53309,                 0.2619,                 1.8633,                0.84435,                  1.071,               0.000515,               0.000515,               0.000515
                    152,                 1.8594,                0.88016,                 1.0459,                0.74543,                0.42365,                0.53335,                 0.2622,                 1.8617,                0.84345,                 1.0703,              0.0005051,              0.0005051,              0.0005051
                    153,                 1.8392,                0.87013,                 1.0473,                0.74595,                0.42412,                0.53352,                0.26259,                 1.8613,                 0.8435,                 1.0699,              0.0004952,              0.0004952,              0.0004952
                    154,                 1.8585,                0.87809,                 1.0474,                 0.7472,                0.42414,                0.53364,                0.26276,                 1.8576,                0.84289,                 1.0688,              0.0004853,              0.0004853,              0.0004853
                    155,                 1.8537,                0.87843,                 1.0463,                0.74834,                0.42511,                0.53468,                0.26349,                 1.8542,                0.84108,                  1.068,              0.0004754,              0.0004754,              0.0004754
                    156,                 1.8418,                0.87401,                 1.0449,                0.74683,                0.42489,                0.53462,                0.26412,                 1.8508,                0.83919,                 1.0668,              0.0004655,              0.0004655,              0.0004655
                    157,                  1.851,                0.87397,                 1.0422,                0.74604,                0.42566,                0.53501,                0.26408,                 1.8528,                0.83796,                 1.0671,              0.0004556,              0.0004556,              0.0004556
                    158,                 1.8543,                0.87933,                 1.0428,                0.74815,                0.42447,                0.53482,                0.26397,                 1.8536,                0.83876,                 1.0669,              0.0004457,              0.0004457,              0.0004457
                    159,                 1.8357,                 0.8667,                 1.0441,                0.74911,                 0.4255,                0.53617,                0.26482,                 1.8496,                0.83733,                  1.066,              0.0004358,              0.0004358,              0.0004358
                    160,                 1.8439,                0.87278,                 1.0455,                0.74895,                0.42573,                0.53592,                0.26518,                 1.8467,                0.83625,                 1.0652,              0.0004259,              0.0004259,              0.0004259
                    161,                 1.8219,                0.86027,                 1.0412,                0.74907,                0.42587,                0.53564,                0.26509,                 1.8477,                0.83597,                 1.0653,               0.000416,               0.000416,               0.000416
                    162,                 1.8369,                0.86854,                 1.0405,                0.74683,                0.42561,                0.53543,                0.26494,                 1.8475,                0.83618,                 1.0649,              0.0004061,              0.0004061,              0.0004061
                    163,                  1.833,                0.86934,                 1.0402,                0.74842,                0.42636,                0.53654,                0.26553,                 1.8464,                0.83543,                 1.0647,              0.0003962,              0.0003962,              0.0003962
                    164,                  1.835,                0.86428,                  1.038,                0.74822,                0.42709,                0.53672,                0.26568,                 1.8432,                0.83415,                 1.0644,              0.0003863,              0.0003863,              0.0003863
                    165,                 1.8343,                0.86817,                 1.0409,                0.74973,                0.42732,                0.53764,                0.26645,                 1.8411,                0.83324,                 1.0637,              0.0003764,              0.0003764,              0.0003764
                    166,                   1.83,                 0.8639,                 1.0368,                0.75154,                0.42686,                0.53745,                 0.2667,                 1.8404,                0.83275,                 1.0633,              0.0003665,              0.0003665,              0.0003665
                    167,                 1.8266,                0.86291,                 1.0379,                0.75026,                0.42734,                0.53742,                0.26727,                 1.8372,                0.83143,                 1.0624,              0.0003566,              0.0003566,              0.0003566
                    168,                 1.8345,                0.86975,                 1.0412,                0.75068,                0.42729,                0.53789,                0.26763,                 1.8348,                0.83047,                 1.0617,              0.0003467,              0.0003467,              0.0003467
                    169,                  1.825,                0.86398,                 1.0392,                 0.7483,                0.42813,                0.53847,                0.26788,                 1.8317,                0.82954,                 1.0607,              0.0003368,              0.0003368,              0.0003368
                    170,                 1.8262,                0.86336,                 1.0386,                 0.7496,                0.42867,                0.53895,                0.26827,                 1.8317,                0.82824,                 1.0604,              0.0003269,              0.0003269,              0.0003269
                    171,                 1.8255,                0.86154,                 1.0354,                0.75106,                0.42866,                0.53934,                0.26847,                 1.8305,                0.82784,                   1.06,               0.000317,               0.000317,               0.000317
                    172,                 1.8172,                0.86032,                 1.0329,                0.75067,                0.42852,                0.53905,                 0.2687,                 1.8293,                0.82781,                 1.0599,              0.0003071,              0.0003071,              0.0003071
                    173,                 1.8136,                0.85532,                 1.0326,                0.75012,                0.42782,                0.53848,                 0.2684,                 1.8293,                0.82728,                 1.0599,              0.0002972,              0.0002972,              0.0002972
                    174,                 1.7975,                0.84657,                 1.0305,                0.75104,                0.42799,                 0.5389,                0.26849,                 1.8299,                0.82711,                 1.0601,              0.0002873,              0.0002873,              0.0002873
                    175,                 1.8107,                 0.8544,                 1.0344,                0.75183,                0.42869,                0.53959,                0.26883,                 1.8292,                0.82669,                 1.0598,              0.0002774,              0.0002774,              0.0002774
                    176,                 1.8072,                0.85525,                 1.0332,                0.75154,                0.42892,                0.53977,                0.26899,                 1.8281,                0.82564,                 1.0595,              0.0002675,              0.0002675,              0.0002675
                    177,                 1.7996,                0.85061,                 1.0332,                0.75126,                0.42941,                0.53999,                0.26925,                 1.8283,                0.82601,                 1.0593,              0.0002576,              0.0002576,              0.0002576
                    178,                 1.7987,                 0.8513,                 1.0337,                0.74914,                0.42995,                0.54007,                 0.2696,                  1.826,                0.82484,                 1.0587,              0.0002477,              0.0002477,              0.0002477
                    179,                 1.8086,                0.85359,                 1.0318,                0.74761,                0.43076,                0.54069,                0.26991,                 1.8237,                0.82384,                  1.058,              0.0002378,              0.0002378,              0.0002378
                    180,                 1.8078,                0.85281,                 1.0305,                0.75196,                0.42962,                0.54052,                0.27005,                 1.8244,                0.82382,                 1.0582,              0.0002279,              0.0002279,              0.0002279
                    181,                 1.8084,                0.85111,                 1.0281,                0.75031,                0.43002,                0.54096,                0.27041,                  1.822,                0.82278,                 1.0577,               0.000218,               0.000218,               0.000218
                    182,                  1.802,                0.85115,                  1.029,                0.75104,                0.43027,                0.54109,                0.27052,                 1.8224,                0.82272,                 1.0575,              0.0002081,              0.0002081,              0.0002081
                    183,                 1.7977,                0.85129,                  1.031,                0.75143,                0.43011,                0.54117,                0.27039,                 1.8224,                0.82239,                 1.0576,              0.0001982,              0.0001982,              0.0001982
                    184,                 1.7963,                0.85029,                 1.0314,                0.75131,                0.43047,                0.54114,                0.27077,                 1.8204,                 0.8216,                 1.0572,              0.0001883,              0.0001883,              0.0001883
                    185,                 1.7972,                0.84889,                 1.0279,                0.75127,                0.43041,                0.54114,                0.27101,                 1.8204,                0.82145,                 1.0569,              0.0001784,              0.0001784,              0.0001784
                    186,                 1.7788,                0.84024,                 1.0278,                0.75174,                0.43061,                0.54148,                0.27108,                 1.8195,                0.82122,                 1.0566,              0.0001685,              0.0001685,              0.0001685
                    187,                 1.7893,                0.84508,                 1.0298,                0.75201,                0.43101,                0.54194,                0.27111,                 1.8191,                0.82102,                 1.0565,              0.0001586,              0.0001586,              0.0001586
                    188,                 1.8012,                0.85118,                 1.0279,                0.75118,                0.43092,                0.54171,                 0.2714,                 1.8177,                 0.8207,                 1.0562,              0.0001487,              0.0001487,              0.0001487
                    189,                 1.7986,                0.84926,                 1.0291,                0.75229,                0.43009,                0.54139,                0.27146,                 1.8164,                0.82024,                  1.056,              0.0001388,              0.0001388,              0.0001388
                    190,                 1.7776,                0.83359,                 1.0421,                0.75191,                0.42948,                0.54047,                0.27068,                 1.8193,                0.82167,                 1.0571,              0.0001289,              0.0001289,              0.0001289
                    191,                 1.7562,                0.82724,                 1.0385,                0.74907,                0.42944,                0.53979,                0.27019,                 1.8215,                0.82334,                 1.0576,               0.000119,               0.000119,               0.000119
                    192,                 1.7551,                0.82551,                 1.0369,                0.74848,                0.42902,                0.53966,                0.27012,                 1.8222,                0.82374,                 1.0579,              0.0001091,              0.0001091,              0.0001091
                    193,                 1.7462,                 0.8201,                 1.0366,                0.74825,                0.42929,                0.53983,                0.27036,                 1.8218,                0.82348,                 1.0577,               9.92e-05,               9.92e-05,               9.92e-05
                    194,                 1.7448,                 0.8211,                 1.0341,                0.74833,                0.42944,                0.54025,                0.27062,                 1.8204,                0.82308,                 1.0573,               8.93e-05,               8.93e-05,               8.93e-05
                    195,                 1.7353,                 0.8163,                 1.0307,                0.74864,                0.42963,                0.54014,                0.27118,                 1.8197,                0.82281,                 1.0572,               7.94e-05,               7.94e-05,               7.94e-05
                    196,                 1.7371,                0.81505,                 1.0337,                0.74849,                0.43016,                0.54045,                0.27142,                  1.818,                0.82225,                 1.0567,               6.95e-05,               6.95e-05,               6.95e-05
                    197,                 1.7362,                 0.8175,                 1.0383,                0.74791,                0.43013,                 0.5403,                0.27122,                 1.8175,                0.82188,                 1.0566,               5.96e-05,               5.96e-05,               5.96e-05
                    198,                 1.7331,                0.81475,                 1.0328,                0.74771,                0.43048,                0.54106,                0.27146,                 1.8172,                0.82176,                 1.0564,               4.97e-05,               4.97e-05,               4.97e-05
                    199,                 1.7373,                0.81513,                 1.0327,                0.74982,                 0.4298,                0.54096,                 0.2716,                  1.817,                0.82128,                 1.0563,               3.98e-05,               3.98e-05,               3.98e-05
